{"count":1,"self":2399.8910464,"total":4589.36089,"children":{"InitializeActuators":{"count":1,"self":0.0012129999999999999,"total":0.0012129999999999999,"children":null},"InitializeSensors":{"count":1,"self":0.0032689999999999998,"total":0.0032689999999999998,"children":null},"AgentSendState":{"count":900067,"self":2.1856489999999997,"total":65.028277,"children":{"CollectObservations":{"count":180014,"self":0.50846099999999994,"total":0.50846099999999994,"children":null},"WriteActionMask":{"count":180014,"self":0.14560499999999998,"total":0.14560499999999998,"children":null},"RequestDecision":{"count":180014,"self":0.47159399999999996,"total":62.188562,"children":{"AgentInfo.ToProto":{"count":180014,"self":1.049888,"total":61.716967999999994,"children":{"GenerateSensorData":{"count":180014,"self":3.759746,"total":60.66708,"children":{"CameraSensor.GetCompressedObservation":{"count":180014,"self":56.907334399999996,"total":56.907334,"children":null}}}}}}}}},"DecideAction":{"count":900067,"self":2034.914304,"total":2034.9143,"children":null},"AgentAct":{"count":900067,"self":89.3834368,"total":89.520692,"children":{"AgentInfo.ToProto":{"count":450,"self":0.001981,"total":0.13725299999999999,"children":{"GenerateSensorData":{"count":450,"self":0.013871,"total":0.135272,"children":{"CameraSensor.GetCompressedObservation":{"count":450,"self":0.121401,"total":0.121401,"children":null}}}}}}}},"gauges":{"Shape.CumulativeReward":{"count":450,"max":-23.9093056,"min":-61.3474121,"runningAverage":-41.44229,"value":-43.1239738,"weightedAverage":-38.7157822}},"metadata":{"timer_format_version":"0.1.0","start_time_seconds":"1691244186","unity_version":"2021.3.11f1c2","command_line_arguments":"\/home\/zhx\/Project\/Exp\/Shape\/DMG\/Shape2.x86_64 -nographics -batchmode --mlagents-port 10012 -logFile \/home\/zhx\/Project\/results\/Shape2_DMG\/run_logs\/Player-8.log","communication_protocol_version":"1.5.0","com.unity.ml-agents_version":"2.3.0-exp.3","scene_name":"ShapeDMG","end_time_seconds":"1691248775"}}5"}}