{"count":1,"self":53498.023116799995,"total":86218.645953,"children":{"InitializeActuators":{"count":1,"self":0.0018,"total":0.0018,"children":null},"InitializeSensors":{"count":1,"self":0.016217,"total":0.016217,"children":null},"AgentSendState":{"count":3121234,"self":16716.4788736,"total":17782.271671,"children":{"CollectObservations":{"count":624247,"self":9.8019831999999987,"total":9.801983,"children":null},"WriteActionMask":{"count":624247,"self":1.873594,"total":1.873594,"children":null},"RequestDecision":{"count":624247,"self":3.453754,"total":1054.117561,"children":{"AgentInfo.ToProto":{"count":624247,"self":7.3666519999999993,"total":1050.663807,"children":{"GenerateSensorData":{"count":624247,"self":1043.2971776,"total":1043.297155,"children":null}}}}}}},"DecideAction":{"count":3121234,"self":14373.9912192,"total":14373.990673999999,"children":null},"AgentAct":{"count":3121234,"self":561.65473279999992,"total":564.338142,"children":{"AgentInfo.ToProto":{"count":1560,"self":0.057835,"total":2.6833959999999997,"children":{"GenerateSensorData":{"count":1560,"self":2.625561,"total":2.625561,"children":null}}}}}},"gauges":{"Shape.CumulativeReward":{"count":1560,"max":-12.28034,"min":-68.66879,"runningAverage":-20.8076286,"value":-14.012475,"weightedAverage":-14.6769772}},"metadata":{"timer_format_version":"0.1.0","start_time_seconds":"1691080265","unity_version":"2021.3.11f1c2","command_line_arguments":"\/home\/zhx\/Project\/Exp\/Shape\/Shape3.x86_64 -nographics -batchmode --mlagents-port 10008 -logFile \/home\/zhx\/Project\/results\/Shape3\/run_logs\/Player-4.log","communication_protocol_version":"1.5.0","com.unity.ml-agents_version":"2.3.0-exp.3","scene_name":"shape","end_time_seconds":"1691166483"}}e_seconds":"1691166483"}}6483"}}