{"count":1,"self":10092.4874752,"total":25008.481443,"children":{"InitializeActuators":{"count":1,"self":0.0013859999999999999,"total":0.0013859999999999999,"children":null},"InitializeSensors":{"count":1,"self":0.022892,"total":0.022892,"children":null},"AgentSendState":{"count":797984,"self":9443.5270656,"total":9732.050475,"children":{"CollectObservations":{"count":159598,"self":1.8580349999999999,"total":1.8580349999999999,"children":null},"WriteActionMask":{"count":159598,"self":0.44797899999999996,"total":0.44797899999999996,"children":null},"RequestDecision":{"count":159598,"self":0.878316,"total":286.21763,"children":{"AgentInfo.ToProto":{"count":159598,"self":1.548323,"total":285.339314,"children":{"GenerateSensorData":{"count":159598,"self":283.7910016,"total":283.79099099999996,"children":null}}}}}}},"DecideAction":{"count":797978,"self":5056.6832128,"total":5056.68305,"children":null},"AgentAct":{"count":797978,"self":126.4892928,"total":127.234112,"children":{"AgentInfo.ToProto":{"count":398,"self":0.003218,"total":0.74481599999999992,"children":{"GenerateSensorData":{"count":398,"self":0.741598,"total":0.741598,"children":null}}}}}},"gauges":{"Shape.CumulativeReward":{"count":398,"max":-12.679388,"min":-47.5688858,"runningAverage":-21.6805534,"value":-13.6215172,"weightedAverage":-14.9776325}},"metadata":{"timer_format_version":"0.1.0","start_time_seconds":"1690563529","unity_version":"2021.3.11f1c2","command_line_arguments":"\/home\/zhx\/Project\/Exp\/Shape\/Shape1.x86_64 -nographics -batchmode --mlagents-port 8005 -logFile \/home\/zhx\/Project\/results\/Shape1\/run_logs\/Player-1.log","communication_protocol_version":"1.5.0","com.unity.ml-agents_version":"2.3.0-exp.3","scene_name":"shape","end_time_seconds":"1690588537"}}sion":"2.3.0-exp.3","scene_name":"shape","end_time_seconds":"1690588537"}}