{"count":1,"self":2386.8516351999997,"total":34681.168959999995,"children":{"InitializeActuators":{"count":1,"self":0.0011949999999999999,"total":0.0011949999999999999,"children":null},"InitializeSensors":{"count":1,"self":0.0031769999999999997,"total":0.0031769999999999997,"children":null},"AgentSendState":{"count":2241234,"self":6.8337352,"total":190.01550899999998,"children":{"CollectObservations":{"count":448247,"self":1.464599,"total":1.464599,"children":null},"WriteActionMask":{"count":448247,"self":0.365567,"total":0.365567,"children":null},"RequestDecision":{"count":448247,"self":1.453014,"total":181.351608,"children":{"AgentInfo.ToProto":{"count":448247,"self":3.810856,"total":179.898594,"children":{"GenerateSensorData":{"count":448247,"self":13.052811199999999,"total":176.087738,"children":{"CameraSensor.GetCompressedObservation":{"count":448247,"self":163.0349312,"total":163.03492699999998,"children":null}}}}}}}}},"DecideAction":{"count":2241234,"self":31877.274009599998,"total":31877.272738,"children":null},"AgentAct":{"count":2241234,"self":226.80529919999998,"total":227.022682,"children":{"AgentInfo.ToProto":{"count":560,"self":0.0037519999999999997,"total":0.217381,"children":{"GenerateSensorData":{"count":560,"self":0.012567,"total":0.21362899999999999,"children":{"CameraSensor.GetCompressedObservation":{"count":560,"self":0.201062,"total":0.201062,"children":null}}}}}}}},"gauges":{"Gather.CumulativeReward":{"count":560,"max":-3129.872,"min":-3781.60327,"runningAverage":-3555.89575,"value":-3534.60474,"weightedAverage":-3556.4834}},"metadata":{"timer_format_version":"0.1.0","start_time_seconds":"1691338544","unity_version":"2021.3.11f1c2","command_line_arguments":"\/home\/zhx\/Project\/Exp\/Gather\/G3+DMG\/Gather1.x86_64 -nographics -batchmode --mlagents-port 10006 -logFile \/home\/zhx\/Project\/results\/Gather1_G3+DMG\/run_logs\/Player-2.log","communication_protocol_version":"1.5.0","com.unity.ml-agents_version":"2.3.0-exp.3","scene_name":"GatherG3+DMG","end_time_seconds":"1691373225"}}"GatherG3+DMG","end_time_seconds":"1691373225"}}