{"count":1,"self":22676.532428799997,"total":36660.388536,"children":{"InitializeActuators":{"count":1,"self":0.001762,"total":0.001762,"children":null},"InitializeSensors":{"count":1,"self":0.016715,"total":0.016715,"children":null},"AgentSendState":{"count":1316851,"self":7366.9844992,"total":7802.848311,"children":{"CollectObservations":{"count":263371,"self":3.9111632,"total":3.9111629999999997,"children":null},"WriteActionMask":{"count":263371,"self":0.872151,"total":0.872151,"children":null},"RequestDecision":{"count":263371,"self":1.6053,"total":431.08086799999995,"children":{"AgentInfo.ToProto":{"count":263371,"self":2.9209709999999998,"total":429.47556799999995,"children":{"GenerateSensorData":{"count":263371,"self":426.5545984,"total":426.554597,"children":null}}}}}}},"DecideAction":{"count":1316851,"self":5936.6895616,"total":5936.6894029999994,"children":null},"AgentAct":{"count":1316851,"self":243.133184,"total":244.297393,"children":{"AgentInfo.ToProto":{"count":658,"self":0.007056,"total":1.164212,"children":{"GenerateSensorData":{"count":658,"self":1.1571559999999999,"total":1.1571559999999999,"children":null}}}}}},"gauges":{"Shape.CumulativeReward":{"count":658,"max":-10.2397718,"min":-60.1180534,"runningAverage":-19.1535625,"value":-14.7180548,"weightedAverage":-14.3543682}},"metadata":{"timer_format_version":"0.1.0","start_time_seconds":"1691080175","unity_version":"2021.3.11f1c2","command_line_arguments":"\/home\/zhx\/Project\/Exp\/Shape\/Shape2.x86_64 -nographics -batchmode --mlagents-port 9007 -logFile \/home\/zhx\/Project\/results\/Shape2\/run_logs\/Player-3.log","communication_protocol_version":"1.5.0","com.unity.ml-agents_version":"2.3.0-exp.3","scene_name":"shape","end_time_seconds":"1691116835"}}s":"1691116835"}}835"}}