{"count":1,"self":388.3396864,"total":2126.224594,"children":{"InitializeActuators":{"count":1,"self":0.001151,"total":0.001151,"children":null},"InitializeSensors":{"count":1,"self":0.011082999999999999,"total":0.011082999999999999,"children":null},"AgentSendState":{"count":41201,"self":104.95052799999999,"total":117.83082499999999,"children":{"CollectObservations":{"count":8241,"self":0.26015,"total":0.26015,"children":null},"WriteActionMask":{"count":8241,"self":0.048145999999999994,"total":0.048145999999999994,"children":null},"RequestDecision":{"count":8241,"self":0.07582499999999999,"total":12.572001,"children":{"AgentInfo.ToProto":{"count":8241,"self":0.17986,"total":12.496176,"children":{"GenerateSensorData":{"count":8241,"self":12.316315999999999,"total":12.316315999999999,"children":null}}}}}}},"DecideAction":{"count":41201,"self":1607.3864191999999,"total":1607.386417,"children":null},"AgentAct":{"count":41201,"self":12.5763128,"total":12.653685999999999,"children":{"AgentInfo.ToProto":{"count":41,"self":0.00079999999999999993,"total":0.077373,"children":{"GenerateSensorData":{"count":41,"self":0.076573,"total":0.076573,"children":null}}}}}},"gauges":{"Pour.CumulativeReward":{"count":41,"max":-89.19746,"min":-537.0625,"runningAverage":-266.181,"value":-403.941223,"weightedAverage":-319.448944}},"metadata":{"timer_format_version":"0.1.0","start_time_seconds":"1690550493","unity_version":"2021.3.11f1c2","command_line_arguments":"\/home\/zhx\/Project\/Exp\/Pour\/Pour1.x86_64 -nographics -batchmode --mlagents-port 8023 -logFile \/home\/zhx\/Project\/results\/Pour1.1\/run_logs\/Player-19.log","communication_protocol_version":"1.5.0","com.unity.ml-agents_version":"2.3.0-exp.3","scene_name":"pour","end_time_seconds":"1690552619"}}-exp.3","scene_name":"pour","end_time_seconds":"1690552619"}}