{"count":1,"self":3640.8254463999997,"total":36163.95686,"children":{"InitializeActuators":{"count":1,"self":0.00108,"total":0.00108,"children":null},"InitializeSensors":{"count":1,"self":0.011425,"total":0.011425,"children":null},"AgentSendState":{"count":1779184,"self":1620.676608,"total":1926.4769079999999,"children":{"CollectObservations":{"count":355837,"self":3.33838,"total":3.33838,"children":null},"WriteActionMask":{"count":355837,"self":0.72634599999999994,"total":0.72634599999999994,"children":null},"RequestDecision":{"count":355837,"self":1.620426,"total":301.73560599999996,"children":{"AgentInfo.ToProto":{"count":355837,"self":3.094115,"total":300.11518,"children":{"GenerateSensorData":{"count":355837,"self":297.021056,"total":297.02106499999996,"children":null}}}}}}},"DecideAction":{"count":1779184,"self":30386.2185984,"total":30386.220035,"children":null},"AgentAct":{"count":1779184,"self":207.3543552,"total":210.42050799999998,"children":{"AgentInfo.ToProto":{"count":3558,"self":0.042067,"total":3.066147,"children":{"GenerateSensorData":{"count":3558,"self":3.0240799999999997,"total":3.0240799999999997,"children":null}}}}}},"gauges":{"Pour.CumulativeReward":{"count":3558,"max":-39.78846,"min":-2042.33508,"runningAverage":-217.271118,"value":-343.7054,"weightedAverage":-199.182617}},"metadata":{"timer_format_version":"0.1.0","start_time_seconds":"1691168293","unity_version":"2021.3.11f1c2","command_line_arguments":"\/home\/zhx\/Project\/Exp\/Pour\/Pour1.x86_64 -nographics -batchmode --mlagents-port 10009 -logFile \/home\/zhx\/Project\/results\/Pour1\/run_logs\/Player-5.log","communication_protocol_version":"1.5.0","com.unity.ml-agents_version":"2.3.0-exp.3","scene_name":"pour","end_time_seconds":"1691204456"}}1204456"}}4456"}}onds":"1691204456"}}conds":"1691204456"}}